{"data":{"nodes":{"_subscribers":{"*":[],"add":[{}],"remove":[{}],"update":[{}]},"_options":{},"_data":{"1":{"id":1,"label":"1"},"2":{"id":2,"label":"2"},"3":{"id":3,"label":"3"},"4":{"id":4,"label":"4"},"5":{"id":5,"label":"5"},"6":{"id":6,"x":150.88411227754705,"y":10.215426137201948,"label":"6"},"7":{"id":7,"x":166.00351584521167,"y":-70.10640531601638,"label":"7"},"8":{"id":8,"x":86.62664711497237,"y":-38.92263545770809,"label":"8"},"9":{"id":9,"x":40.32347368899946,"y":6.435575245285793,"label":"9"},"10":{"id":10,"x":9.139703830691161,"y":31.00460604274081,"label":"10"},"11":{"id":11,"x":10.0846665536702,"y":32.89453148869889,"label":"11"},"12":{"id":12,"x":-3.144811568036348,"y":23.444904258908497,"label":"12"},"13":{"id":13,"x":-3.144811568036348,"y":23.444904258908497,"label":"13"},"14":{"id":14,"x":-3.144811568036348,"y":23.444904258908497,"label":"14"},"15":{"id":15,"x":-3.144811568036348,"y":23.444904258908497,"label":"15"},"16":{"id":16,"x":-3.144811568036348,"y":23.444904258908497,"label":"16"},"17":{"id":17,"x":-3.144811568036348,"y":23.444904258908497,"label":"17"},"18":{"id":18,"x":-3.144811568036348,"y":23.444904258908497,"label":"18"},"19":{"id":19,"x":-3.144811568036348,"y":23.444904258908497,"label":"19"},"20":{"id":20,"x":-3.144811568036348,"y":23.444904258908497,"label":"20"}},"length":20,"_idProp":"id","_type":{}},"edges":{"_subscribers":{"*":[],"add":[{}],"remove":[{}],"update":[{}]},"_options":{},"_data":{"1":{"from":1,"to":3,"id":1,"color":{},"label":"1"},"2":{"from":1,"to":2,"id":"2","color":{},"label":""},"3":{"from":2,"to":4,"id":3,"color":{},"label":"1"},"4":{"from":2,"to":5,"id":4,"color":{},"label":"1"},"5":{"from":8,"to":14,"label":"1","id":5,"color":{}},"6":{"from":12,"to":16,"label":"1","id":6,"color":{}},"7":{"from":16,"to":18,"label":"1","id":7,"color":{}},"8":{"from":11,"to":20,"label":"1","id":8,"color":{}},"9":{"from":17,"to":6,"label":"1","id":9,"color":{}},"10":{"from":9,"to":7,"label":"1","id":10,"color":{}},"11":{"from":7,"to":11,"label":"1","id":11,"color":{}},"12":{"from":10,"to":2,"label":"1","id":12,"color":{}},"13":{"from":19,"to":10,"label":"1","id":13,"color":{}},"14":{"from":15,"to":19,"label":"1","id":14,"color":{}},"15":{"from":13,"to":19,"label":"1","id":15,"color":{}}},"length":15,"_idProp":"id","_type":{}}},"options":{"locale":"pt-br","manipulation":{"enabled":false},"edges":{"font":{"color":"#ffffff","strokeWidth":0,"size":18}},"nodes":{"color":{"border":"#698B69","background":"#458B74","highlight":{"border":"#698B69","background":"#4f6e4f"}},"font":{"color":"white"}},"physics":{"enabled":true,"forceAtlas2Based":{"gravitationalConstant":-50,"centralGravity":0.01,"springConstant":0.02,"springLength":100,"damping":0.4,"avoidOverlap":0},"maxVelocity":50,"minVelocity":0.1,"solver":"forceAtlas2Based","stabilization":{"enabled":true,"iterations":1000,"updateInterval":100,"onlyDynamicEdges":false,"fit":true},"timestep":0.5,"adaptiveTimestep":true}},"ponderado":true,"ordenado":false}